bin,lower_bound,upper_bound,count,mean_probability,observed_frequency,absolute_gap,weight
1,0.0,0.1,77,0.0480288640707524,0.07792207792207792,0.02989321385132552,0.20698924731182797
2,0.1,0.2,33,0.1431109195899531,0.30303030303030304,0.15991938344034995,0.08870967741935484
3,0.2,0.30000000000000004,16,0.24687689428496817,0.5,0.2531231057150318,0.043010752688172046
4,0.30000000000000004,0.4,13,0.3547611085286259,0.5384615384615384,0.18370042993291252,0.03494623655913978
5,0.4,0.5,10,0.43966083082788804,0.5,0.06033916917211196,0.026881720430107527
6,0.5,0.6000000000000001,12,0.555691652363423,0.75,0.194308347636577,0.03225806451612903
7,0.6000000000000001,0.7000000000000001,11,0.6642812548182945,0.9090909090909091,0.24480965427261459,0.02956989247311828
8,0.7000000000000001,0.8,13,0.7633869847760205,1.0,0.23661301522397948,0.03494623655913978
9,0.8,0.9,26,0.8530171806115339,0.9230769230769231,0.07005974246538926,0.06989247311827956
10,0.9,1.0,161,0.9741129649242782,1.0,0.025887035075721765,0.4327956989247312
