metric,estimate
n_images,372.0
n_patients,17.0
malignant_prevalence,0.6801075268817204
auroc,0.9588467798186469
auprc,0.9825757729968545
accuracy,0.8870967741935484
balanced_accuracy,0.9036436709070981
ece_fixed_10,0.0771788322855211
ece_adaptive_10,0.07717883228552108
brier_score,0.08507062179496576
nll,0.2772721027900524
calibration_intercept,1.0897037271766752
calibration_slope,1.175219305367766
mean_predicted_probability,0.6029286945961992
mean_classification_confidence,0.8885232327272377
brier_reliability,0.012066247230185097
brier_resolution,0.14434036884609205
brier_uncertainty,0.21756127876055037
brier_decomposition_residual,-0.00021653534967765176
