metric,estimate,ci_2.5,ci_97.5,valid_bootstrap_replicates
auroc,0.9588467798186469,0.8962384306861935,0.9992506244291329,1000
auprc,0.9825757729968545,0.9340586132500441,0.9995124087613857,1000
accuracy,0.8870967741935484,0.7805641383434666,0.9747282204020848,1000
balanced_accuracy,0.9036436709070981,0.8206205545118012,0.9747178615620853,1000
ece_fixed_10,0.0771788322855211,0.03933049929565485,0.19421406875649774,1000
ece_adaptive_10,0.07717883228552108,0.03015132951313845,0.1961532155299364,1000
brier_score,0.08507062179496576,0.023826492677435522,0.15979783767416864,1000
nll,0.2772721027900524,0.10709142229016073,0.49205188555502216,1000
calibration_intercept,1.0897037271766752,-4.16800790249604,3.469693987190556,1000
calibration_slope,1.175219305367766,0.8127320766287288,4.33944385118671,1000
brier_reliability,0.012066247230185097,0.004063110265371768,0.07593748094205857,1000
brier_resolution,0.14434036884609205,0.04222110136222576,0.22104472502898406,1000
brier_uncertainty,0.21756127876055037,0.08924834163439699,0.24991009961442634,1000
